A1JNN2	A1JNN2
A1JNN2	P9WPC3
A1JUB7	A1JUB7
I6XFZ8	I6XFZ8
I6YA32	I6YA32
I6YET7	I6YET7
I6YGS0	I6YGS0
L7N680	L7N680
L7N6B0	L7N6B0
O05461	O05461
O05461	O53695
O05877	O05877
O06159	O06159
O06342	O06342
O06417	O06417
O07226	O07226
O33192	O33192
O33347	O33347
O50410	O50410
O50917	O50917
O51157	O51157
O51173	O51173
O51477	O51477
O51578	O51578
O51596	O51596
O53203	O53203
O53332	O53332
O53380	O53380
O53478	O53478
O53493	O53493
O53611	O53611
O53666	O53666
O53699	O53699
O53732	O53732
O53900	O53900
O83346	O83346
O84025	O84025
O84243	O84243
O84288	O84288
O84385	O84385
O84419	O84419
O84449	O84449
O84462	O84462
O84546	O84546
O84546	P9WFW3
O84583	O84583
O84591	O84591
O84591	Q9Z7A6
O84616	O84616
O84639	O84639
O84818	O84818
O84818	Q9Z6U5
O84883	O84883
O86164	O86164
P01556	P01556
P04958	P04958
P04977	P04977
P07643	P07643
P0A0R3	P0A0R3
P0A0S1	P0A0S1
P0A0V0	P0A0V0
P0A3N8	P0A3N8
P0A4Q1	P0A4Q1
P0C8S3	P0C8S3
P0C8S3	P9WHE3
P0CC04	P0CC04
P0CC04	P23700
P0CD83	P0CD83
P0CE15	P0CE15
P0CI27	P0CI27
P0CL67	P0CL67
P0DJI4	P0DJI4
P0DPS6	P0DPS6
P10520	P10520
P11089	P11089
P11311	P11311
P11439	P11439
P12809	P12809
P13423	P13423
P13470	P13470
P14283	P14283
P14738	P14738
P14916	P14916
P15917	P15917
P16055	P16055
P17835	P17835
P17835	P05788
P18584	P18584
P18584	Q8YG32
P19421	P19421
P19421	A1JIP3
P19421	A5CDL9
P19421	P09239
P19421	P0A1D3
P19421	P0A6F5
P19421	P0C0Z7
P19421	P0C923
P19421	P42375
P19421	P61439
P19421	P9WPE7
P19993	P19993
P19993	P0C922
P19993	P9WMJ9
P23504	P23504
P24094	P24094
P26623	P26623
P27455	P27455
P27455	Q46409
P29723	P29723
P30690	P30690
P33768	P33768
P35901	P35901
P38006	P38006
P38056	P38056
P43838	P43838
P43839	P43839
P43840	P43840
P45487	P45487
P45487	P9WQ87
P46392	P46392
P46392	P96890
P46841	P46841
P46841	I3NID5
P46842	P46842
P46842	P9WIR7
P51752	P51752
P55969	P55969
P55980	P55980
P59116	P59116
P60230	P60230
P69996	P69996
P71629	P71629
P71658	P71658
P71888	P71888
P75330	P75330
P77872	P77872
P95149	P95149
P95225	P95225
P96218	P96218
P96264	P96264
P96402	P96402
P96825	P96825
P96873	P96873
P9WF23	P9WF23
P9WF43	P9WF43
P9WF73	P9WF73
P9WFC5	P9WFC5
P9WFC9	P9WFC9
P9WFI5	P9WFI5
P9WFK1	P9WFK1
P9WFK1	P9WFJ9
P9WFL9	P9WFL9
P9WFM5	P9WFM5
P9WFR1	P9WFR1
P9WFR1	P9WN09
P9WFT7	P9WFT7
P9WFT7	Q8YGS6
P9WFU9	P9WFU9
P9WG11	P9WG11
P9WG25	P9WG25
P9WG27	P9WG27
P9WG29	P9WG29
P9WG31	P9WG31
P9WG37	P9WG37
P9WG41	P9WG41
P9WG49	P9WG49
P9WG63	P9WG63
P9WG67	P9WG67
P9WG85	P9WG85
P9WGA1	P9WGA1
P9WGA3	P9WGA3
P9WGC1	P9WGC1
P9WGC9	P9WGC9
P9WGE7	P9WGE7
P9WGH1	P9WGH1
P9WGK3	P9WGK3
P9WGL3	P9WGL3
P9WGL7	P9WGL7
P9WGM3	P9WGM3
P9WGN1	P9WGN1
P9WGR1	P9WGR1
P9WGT9	P9WGT9
P9WGT9	P9WGT7
P9WGT9	P9WGU1
P9WGY7	P9WGY7
P9WH21	P9WH21
P9WH35	P9WH35
P9WH91	P9WH91
P9WHB9	P9WHB9
P9WHE5	P9WHE5
P9WHF3	P9WHF3
P9WHH3	P9WHH3
P9WHI1	P9WHI1
P9WHM5	P9WHM5
P9WHR5	P9WHR5
P9WHS1	P9WHS1
P9WHS3	P9WHS3
P9WHT7	P9WHT7
P9WHV3	P9WHV3
P9WHV9	P9WHV9
P9WHX5	P9WHX5
P9WHX5	P9WHZ5
P9WHX7	P9WHX7
P9WHX7	P9WHZ7
P9WHX7	P9WI29
P9WHX7	P9WI37
P9WHX7	P9WI41
P9WHY9	P9WHY9
P9WHY9	P9WHY7
P9WHY9	Q79FH3
P9WI07	P9WI07
P9WI07	P9WI03
P9WI07	P9WI05
P9WI07	P9WI09
P9WI07	P9WI25
P9WI11	P9WI11
P9WI15	P9WI15
P9WI19	P9WI19
P9WI19	L7N675
P9WI19	P9WHW9
P9WI19	P9WHX3
P9WI19	P9WHY3
P9WI19	P9WHY5
P9WI19	P9WHZ3
P9WI19	P9WI17
P9WI19	P9WI31
P9WI19	Q79FK6
P9WI35	P9WI35
P9WI47	P9WI47
P9WI47	P9WI23
P9WI47	P9WI39
P9WI47	P9WI43
P9WI47	P9WI45
P9WI79	P9WI79
P9WI83	P9WI83
P9WIB5	P9WIB5
P9WIB5	P9WIB3
P9WIB9	P9WIB9
P9WID3	P9WID3
P9WID7	P9WID7
P9WIE5	P9WIE5
P9WIF1	P9WIF1
P9WIG1	P9WIG1
P9WIG1	P9WIE7
P9WIG1	P9WIG3
P9WIH1	P9WIH1
P9WIH1	L7N695
P9WIK9	P9WIK9
P9WIL9	P9WIL9
P9WIM1	P9WIM1
P9WIM9	P9WIM9
P9WIN7	P9WIN7
P9WIN9	P9WIN9
P9WIP1	P9WIP1
P9WIP9	P9WIP9
P9WIR1	P9WIR1
P9WIS7	P9WIS7
P9WIZ9	P9WIZ9
P9WJ09	P9WJ09
P9WJ11	P9WJ11
P9WJ13	P9WJ13
P9WJ79	P9WJ79
P9WJA3	P9WJA3
P9WJA9	P9WJA9
P9WJC1	P9WJC1
P9WJC3	P9WJC3
P9WJC5	P9WJC5
P9WJC7	P9WJC7
P9WJD3	P9WJD3
P9WJD7	P9WJD7
P9WJD9	P9WJD9
P9WJE1	P9WJE1
P9WJE5	P9WJE5
P9WJF5	P9WJF5
P9WJH1	P9WJH1
P9WJH5	P9WJH5
P9WJI7	P9WJI7
P9WJK3	P9WJK3
P9WJK5	P9WJK5
P9WJN5	P9WJN5
P9WJQ9	P9WJQ9
P9WJS3	P9WJS3
P9WJS5	P9WJS5
P9WJU5	P9WJU5
P9WJV1	P9WJV1
P9WJW3	P9WJW3
P9WJW5	P9WJW5
P9WJW7	P9WJW7
P9WK17	P9WK17
P9WK17	A0PSI5
P9WK17	B2HSY2
P9WK17	O32913
P9WK19	P9WK19
P9WK31	P9WK31
P9WK55	P9WK55
P9WK61	P9WK61
P9WK71	P9WK71
P9WK95	P9WK95
P9WKC9	P9WKC9
P9WKD1	P9WKD1
P9WKE1	P9WKE1
P9WKG3	P9WKG3
P9WKH7	P9WKH7
P9WKJ3	P9WKJ3
P9WKJ7	P9WKJ7
P9WKJ9	P9WKJ9
P9WKL1	P9WKL1
P9WKR5	P9WKR5
P9WKS5	P9WKS5
P9WKS9	P9WKS9
P9WKW1	P9WKW1
P9WKX1	P9WKX1
P9WL47	P9WL47
P9WL51	P9WL51
P9WL63	P9WL63
P9WL65	P9WL65
P9WL67	P9WL67
P9WL75	P9WL75
P9WL83	P9WL83
P9WL85	P9WL85
P9WL87	P9WL87
P9WL97	P9WL97
P9WLF3	P9WLF3
P9WLH9	P9WLH9
P9WLJ1	P9WLJ1
P9WLP9	P9WLP9
P9WLQ1	P9WLQ1
P9WLS1	P9WLS1
P9WLS7	P9WLS7
P9WLV9	P9WLV9
P9WLX1	P9WLX1
P9WLZ3	P9WLZ3
P9WLZ5	P9WLZ5
P9WM17	P9WM17
P9WM29	P9WM29
P9WMA3	P9WMA3
P9WMB7	P9WMB7
P9WMB9	P9WMB9
P9WMD5	P9WMD5
P9WMF5	P9WMF5
P9WMF9	P9WMF9
P9WMG1	P9WMG1
P9WMK1	P9WMK1
P9WMM9	P9WMM9
P9WMN3	P9WMN3
P9WMX3	P9WMX3
P9WMX7	P9WMX7
P9WMY9	P9WMY9
P9WN03	P9WN03
P9WN15	P9WN15
P9WN39	P9WN39
P9WN59	P9WN59
P9WN67	P9WN67
P9WN83	P9WN83
P9WN99	P9WN99
P9WNA9	P9WNA9
P9WNB1	P9WNB1
P9WND7	P9WND7
P9WND7	P9WND5
P9WNE5	P9WNE5
P9WNF3	P9WNF3
P9WNF5	P9WNF5
P9WNG7	P9WNG7
P9WNG9	P9WNG9
P9WNH3	P9WNH3
P9WNI3	P9WNI3
P9WNI3	P9WNI5
P9WNI3	P9WNJ7
P9WNI3	P9WNJ9
P9WNI7	P9WNI7
P9WNI7	P0DOA6
P9WNI7	P9WNJ3
P9WNI7	P9WNJ5
P9WNI9	P9WNI9
P9WNI9	P9WNK3
P9WNI9	Q9CD33
P9WNJ1	P9WNJ1
P9WNK5	P9WNK5
P9WNK5	O33084
P9WNK7	P9WNK7
P9WNL9	P9WNL9
P9WNQ3	P9WNQ3
P9WNQ5	P9WNQ5
P9WNU5	P9WNU5
P9WNV1	P9WNV1
P9WNV5	P9WNV5
P9WNW9	P9WNW9
P9WNX3	P9WNX3
P9WNZ7	P9WNZ7
P9WP43	P9WP43
P9WP47	P9WP47
P9WP69	P9WP69
P9WP77	P9WP77
P9WP81	P9WP81
P9WPB7	P9WPB7
P9WPD5	P9WPD5
P9WPD9	P9WPD9
P9WPE5	P9WPE5
P9WPE5	P24301
P9WPF7	P9WPF7
P9WPL3	P9WPL3
P9WPL7	P9WPL7
P9WPN5	P9WPN5
P9WPQ1	P9WPQ1
P9WPQ9	P9WPQ9
P9WPQ9	P43315
P9WPQ9	P49944
P9WPS5	P9WPS5
P9WPS9	P9WPS9
P9WPU5	P9WPU5
P9WPV1	P9WPV1
P9WPV3	P9WPV3
P9WQ27	P9WQ27
P9WQ49	P9WQ49
P9WQ49	P9WQ59
P9WQ71	P9WQ71
P9WQ81	P9WQ81
P9WQB1	P9WQB1
P9WQD1	P9WQD1
P9WQE9	P9WQE9
P9WQF5	P9WQF5
P9WQJ7	P9WQJ7
P9WQJ9	P9WQJ9
P9WQK1	P9WQK1
P9WQM5	P9WQM5
P9WQN7	P9WQN7
P9WQN7	P31951
P9WQN7	P9WQN9
P9WQN7	P9WQP1
P9WQN7	P9WQP3
P9WQN7	Q05868
Q07297	Q07297
Q07337	Q07337
Q0SLZ0	Q0SLZ0
Q0SLZ0	P0CL66
Q2FUY2	Q2FUY2
Q2FXB0	Q2FXB0
Q2FXB0	Q2FVK2
Q2FZF0	Q2FZF0
Q2FZK7	Q2FZK7
Q2G155	Q2G155
Q2G1N0	Q2G1N0
Q2G1X0	Q2G1X0
Q2G1X0	Q2FWP0
Q2G282	Q2G282
Q2G2B2	Q2G2B2
Q2G2Q0	Q2G2Q0
Q44767	Q44767
Q44849	Q44849
Q45010	Q45010
Q49769	Q49769
Q49897	Q49897
Q50700	Q50700
Q50701	Q50701
Q50703	Q50703
Q50703	Q79FE1
Q59191	Q59191
Q59191	P9WGY9
Q59947	Q59947
Q5NHI7	Q5NHI7
Q5NIA7	Q5NIA7
Q6MWV0	Q6MWV0
Q6MWY2	Q6MWY2
Q6MX07	Q6MX07
Q6MX18	Q6MX18
Q6MX18	O53692
Q6MX50	Q6MX50
Q79FI9	Q79FI9
Q79FP3	Q79FP3
Q79FP3	P9WIF5
Q79FR3	Q79FR3
Q79FR3	Q79FR5
Q79FS8	Q79FS8
Q79G04	Q79G04
Q7MXK0	Q7MXK0
Q7ZAK5	Q7ZAK5
Q83AF7	Q83AF7
Q83AF7	P9WPU7
Q83B06	Q83B06
Q83BT6	Q83BT6
Q83C69	Q83C69
Q83DJ3	Q83DJ3
Q83E37	Q83E37
Q83E37	P9WQD7
Q83EK8	Q83EK8
Q83ES6	Q83ES6
Q8DQN5	Q8DQN5
Q8YC41	Q8YC41
Q8YDZ3	Q8YDZ3
Q9A155	Q9A155
Q9CB44	Q9CB44
Q9RPX7	Q9RPX7
Q9S529	Q9S529
Q9Z5I7	Q9Z5I7
Q9Z899	Q9Z899
Q9ZH99	Q9ZH99
